<?xml version="1.0" encoding="utf-8" standalone="yes"?>
<rss version="2.0" xmlns:atom="http://www.w3.org/2005/Atom">
  <channel>
    <title>Tags on ASE 230 Project 2</title>
    <link>https://sparks-josh.github.io/ASE230_Project2/tags/</link>
    <description>Recent content in Tags on ASE 230 Project 2</description>
    <generator>Hugo</generator>
    <language>en-us</language>
    <atom:link href="https://sparks-josh.github.io/ASE230_Project2/tags/index.xml" rel="self" type="application/rss+xml" />
  </channel>
</rss>
